{
  "ABIRoot": {
    "kind": "Root",
    "name": "TopLevel",
    "printedName": "TopLevel",
    "children": [
      {
        "kind": "Import",
        "name": "Foundation",
        "printedName": "Foundation",
        "declKind": "Import",
        "moduleName": "AppAnalytics",
        "declAttributes": [
          "RawDocComment"
        ]
      },
      {
        "kind": "TypeDecl",
        "name": "AppAnalyticsDetector",
        "printedName": "AppAnalyticsDetector",
        "children": [
          {
            "kind": "Var",
            "name": "shared",
            "printedName": "shared",
            "children": [
              {
                "kind": "TypeNominal",
                "name": "AppAnalyticsDetector",
                "printedName": "AppAnalytics.AppAnalyticsDetector",
                "usr": "s:12AppAnalytics0aB8DetectorC"
              }
            ],
            "declKind": "Var",
            "usr": "s:12AppAnalytics0aB8DetectorC6sharedACvpZ",
            "mangledName": "$s12AppAnalytics0aB8DetectorC6sharedACvpZ",
            "moduleName": "AppAnalytics",
            "static": true,
            "declAttributes": [
              "HasInitialValue",
              "Final",
              "HasStorage",
              "AccessControl"
            ],
            "isLet": true,
            "hasStorage": true,
            "accessors": [
              {
                "kind": "Accessor",
                "name": "Get",
                "printedName": "Get()",
                "children": [
                  {
                    "kind": "TypeNominal",
                    "name": "AppAnalyticsDetector",
                    "printedName": "AppAnalytics.AppAnalyticsDetector",
                    "usr": "s:12AppAnalytics0aB8DetectorC"
                  }
                ],
                "declKind": "Accessor",
                "usr": "s:12AppAnalytics0aB8DetectorC6sharedACvgZ",
                "mangledName": "$s12AppAnalytics0aB8DetectorC6sharedACvgZ",
                "moduleName": "AppAnalytics",
                "static": true,
                "implicit": true,
                "declAttributes": [
                  "Final"
                ],
                "accessorKind": "get"
              }
            ]
          },
          {
            "kind": "Function",
            "name": "containsAnalyticeWords",
            "printedName": "containsAnalyticeWords(_:)",
            "children": [
              {
                "kind": "TypeNominal",
                "name": "Bool",
                "printedName": "Swift.Bool",
                "usr": "s:Sb"
              },
              {
                "kind": "TypeNominal",
                "name": "String",
                "printedName": "Swift.String",
                "usr": "s:SS"
              }
            ],
            "declKind": "Func",
            "usr": "s:12AppAnalytics0aB8DetectorC22containsAnalyticeWordsySbSSF",
            "mangledName": "$s12AppAnalytics0aB8DetectorC22containsAnalyticeWordsySbSSF",
            "moduleName": "AppAnalytics",
            "declAttributes": [
              "AccessControl"
            ],
            "funcSelfKind": "NonMutating"
          }
        ],
        "declKind": "Class",
        "usr": "s:12AppAnalytics0aB8DetectorC",
        "mangledName": "$s12AppAnalytics0aB8DetectorC",
        "moduleName": "AppAnalytics",
        "declAttributes": [
          "AccessControl"
        ],
        "hasMissingDesignatedInitializers": true
      },
      {
        "kind": "Import",
        "name": "Foundation",
        "printedName": "Foundation",
        "declKind": "Import",
        "moduleName": "AppAnalytics",
        "declAttributes": [
          "RawDocComment"
        ]
      },
      {
        "kind": "Import",
        "name": "PhotosUI",
        "printedName": "PhotosUI",
        "declKind": "Import",
        "moduleName": "AppAnalytics"
      },
      {
        "kind": "Import",
        "name": "Vision",
        "printedName": "Vision",
        "declKind": "Import",
        "moduleName": "AppAnalytics"
      },
      {
        "kind": "Import",
        "name": "UIKit",
        "printedName": "UIKit",
        "declKind": "Import",
        "moduleName": "AppAnalytics"
      },
      {
        "kind": "TypeDecl",
        "name": "AppAnalyticsMain",
        "printedName": "AppAnalyticsMain",
        "children": [
          {
            "kind": "Var",
            "name": "shared",
            "printedName": "shared",
            "children": [
              {
                "kind": "TypeNominal",
                "name": "AppAnalyticsMain",
                "printedName": "AppAnalytics.AppAnalyticsMain",
                "usr": "s:12AppAnalytics0aB4MainC"
              }
            ],
            "declKind": "Var",
            "usr": "s:12AppAnalytics0aB4MainC6sharedACvpZ",
            "mangledName": "$s12AppAnalytics0aB4MainC6sharedACvpZ",
            "moduleName": "AppAnalytics",
            "static": true,
            "declAttributes": [
              "HasInitialValue",
              "Final",
              "HasStorage",
              "AccessControl"
            ],
            "isLet": true,
            "hasStorage": true,
            "accessors": [
              {
                "kind": "Accessor",
                "name": "Get",
                "printedName": "Get()",
                "children": [
                  {
                    "kind": "TypeNominal",
                    "name": "AppAnalyticsMain",
                    "printedName": "AppAnalytics.AppAnalyticsMain",
                    "usr": "s:12AppAnalytics0aB4MainC"
                  }
                ],
                "declKind": "Accessor",
                "usr": "s:12AppAnalytics0aB4MainC6sharedACvgZ",
                "mangledName": "$s12AppAnalytics0aB4MainC6sharedACvgZ",
                "moduleName": "AppAnalytics",
                "static": true,
                "implicit": true,
                "declAttributes": [
                  "Final"
                ],
                "accessorKind": "get"
              }
            ]
          },
          {
            "kind": "Function",
            "name": "initializeSDK",
            "printedName": "initializeSDK(apiKey:)",
            "children": [
              {
                "kind": "TypeNominal",
                "name": "Void",
                "printedName": "()"
              },
              {
                "kind": "TypeNominal",
                "name": "String",
                "printedName": "Swift.String",
                "usr": "s:SS"
              }
            ],
            "declKind": "Func",
            "usr": "s:12AppAnalytics0aB4MainC13initializeSDK6apiKeyySS_tF",
            "mangledName": "$s12AppAnalytics0aB4MainC13initializeSDK6apiKeyySS_tF",
            "moduleName": "AppAnalytics",
            "declAttributes": [
              "AccessControl"
            ],
            "funcSelfKind": "NonMutating"
          }
        ],
        "declKind": "Class",
        "usr": "s:12AppAnalytics0aB4MainC",
        "mangledName": "$s12AppAnalytics0aB4MainC",
        "moduleName": "AppAnalytics",
        "declAttributes": [
          "AccessControl"
        ],
        "hasMissingDesignatedInitializers": true
      }
    ],
    "json_format_version": 8
  },
  "ConstValues": [
    {
      "filePath": "\/Users\/slava\/Desktop\/AppAnalytics\/AppAnalytics\/AppAnalyticsDetector.swift",
      "kind": "Array",
      "offset": 256,
      "length": 2,
      "value": "[]"
    },
    {
      "filePath": "\/Users\/slava\/Desktop\/AppAnalytics\/AppAnalytics\/AppAnalytics.swift",
      "kind": "Array",
      "offset": 288,
      "length": 2,
      "value": "[]"
    }
  ]
}